{
	"type": "origins:active_self",
	"entity_action": {
		"type": "origins:execute_command",
		"command": "function foxsorigins:immobilization"
	},
	"cooldown": 400,
	"hud_render": {
		"should_render": true,
		"sprite_location": "origins:textures/gui/community/spiderkolo/resource_bar_02.png",
		"bar_index": 0
	},
	"key": {
        "key": "key.origins.secondary_active",
        "continuous": false
    },
	"name": "Immobilization",
	"description": "immobilize entities in a 16 block radius for 5 seconds."
}