{
  "type": "origins:active_self",
  "name": "Reconstruction",
  "description": "Allows you to rebuild yourself using any type of wooden logs.",
  "hidden": false,
  "cooldown": 10,
  "key": {
    "key": "key.use",
    "continuous": true
  },
  "entity_action": {
    "type": "origins:and",
    "actions": [
      {
        "type": "origins:execute_command",
        "permission_level": 4,
        "command": "clear @s #minecraft:logs 1"
      },
      {
        "type": "origins:heal",
        "amount": 3
      },
      {
        "type": "origins:play_sound",
        "sound": "minecraft:block.amethyst_block.chime"
      }
    ]
  },
  "condition": {
    "type": "origins:equipped_item",
        "inverted": false,
        "equipment_slot": "mainhand",
        "item_condition": {
          "type": "origins:ingredient",
          "inverted": false,
          "ingredient": {
            "tag": "minecraft:logs"
          }
        }
  },
  "hud_render": {
    "should_render": true,
    "sprite_location": "origins:textures/gui/resource_bar.png",
    "bar_index": 10
  }
}