{
	"type": "origins:active_self",
	"name": "Full potential",
	"description": "Unleashes your full potential giving you strength and speed and makes you able to see any nearby mobs even through walls!",
	"entity_action": {
		"type": "origins:execute_command",
		"command": "function zenitsu:full_potential"
	},
	"cooldown": 600,
	"hud_render": {
		"should_render": true,
		"sprite_location": "origins:textures/gui/community/spiderkolo/resource_bar_02.png",
		"bar_index": 0
	},
	"key": {
        "key": "key.origins.primary_active"
    }
}