{
    "type": "origins:modify_damage_dealt",
    "condition": {
        "type": "origins:equipped_item",
        "equipment_slot": "mainhand",
        "item_condition": {
            "type": "origins:ingredient",
            "ingredient": {
                "tag": "zenitsu:weapons"
            }
        }
    },
    "modifier": {
        "operation": "multiply_base",
        "value": 1,
        "name": "weapon attack multiplier"
    },
    "name": "Nichirin Sword",
    "description": "The power of the Nichirin sword makes you stronger."
}