{
	"powers": [
		"foxsorigins:master_of_the_undead",
		"foxsorigins:soul_meter",
		"foxsorigins:harvest_souls",
		"foxsorigins:undead_alliance",
		"foxsorigins:summon_ghosts",
		"foxsorigins:undead_soul",
		"foxsorigins:shade_frailty",
		"foxsorigins:outcast"
	],
	"icon": "minecraft:zombie_head",
	"impact": 2,
	"name": "Necromancer",
	"description": "You have the power of the dead at your hands. Starting as a child you've always been facinated with dealth and how to overcome it."
}