{
    "type": "origins:action_on_callback",
    "entity_action_chosen": {
        "type": "origins:execute_command",
        "command": "/give @s bow{display:{Name:'{\"text\":\"Crispinator\",\"color\":\"red\",\"bold\":true,\"italic\":false,\"underlined\":false,\"strikethrough\":false,\"obfuscated\":false}'},Unbreakable:1b,Enchantments:[{id:\"minecraft:power\",lvl:2s},{id:\"minecraft:punch\",lvl:5s},{id:\"minecraft:flame\",lvl:5s},{id:\"minecraft:infinity\",lvl:1s},{id:\"minecraft:vanishing_curse\",lvl:1s}]} 1"},
        "name":"Crispinator",
	    "description":"The bow you had all your life",
	    "permission_level": 4
    }