{
	"type": "origins:active_self",
	"name": "Summon Ghosts",
	"description": "Soul Cost: 5 - You have the ability to turn your collected souls into temporary ghosts.",
	"entity_action": {
		"type": "origins:if_else",
		"condition": {
			"type": "origins:resource",
			"resource": "foxsorigins:soul_meter",
			"comparison": ">=",
			"compare_to": 5
		},
		"if_action": {
			"type": "origins:and",
			"actions": [
				{
					"type": "origins:change_resource",
					"resource": "foxsorigins:soul_meter",
					"change": -5
				},
				{
					"type": "origins:execute_command",
					"command": "/summon vex ~ ~ ~ {Glowing:1b,Team:\"necromancer\",Health:1f,LifeTicks:100,CustomName:'{\"text\":\"ghost\",\"color\":\"gray\",\"bold\":true,\"italic\":true,\"underlined\":true}',Attributes:[{Name:generic.attack_damage,Base:2}]}"
				}
			]
			
		},
		"else_action": {
			"type": "origins:execute_command",
			"command": "/execute at @s run particle minecraft:campfire_cosy_smoke ~ ~1.5 ~ 1 1 1 0.1 100 force"
		}
	},
	"key": {
		"key": "key.origins.secondary_active"
	},
	"cooldown": 20,
	"hud_render": {
		"should_render": true,
		"sprite_location": "origins:textures/gui/community/huang/resource_bar_01.png",
		"bar_index": 5
	}
}