{
	"type": "origins:active_self",
	"name": "Undead Alliance",
	"description": "Soul Cost: 10 - Using the souls you've gathered you can make undead mobs in a 16 block radius friendly towards you",
	"entity_action": {
		"type": "origins:if_else",
		"condition": {
			"type": "origins:resource",
			"resource": "foxsorigins:soul_meter",
			"comparison": ">=",
			"compare_to": 10
		},
		"if_action": {
			"type": "origins:and",
			"actions": [
				{
					"type": "origins:change_resource",
					"resource": "foxsorigins:soul_meter",
					"change": -10
				},
				{
					"type": "origins:execute_command",
					"command": "/execute at @s[distance=0...16] run team join necromancer @e[type=#undead]"
				},
				{
					"type": "origins:execute_command",
					"command": "/execute at @s[distance=0...16] at @e[type=#undead] run particle dust 0.188 0.098 0.204 10 ~ ~2.5 ~ 0 0 0 1 5 force"
				}
			]
			
		},
		"else_action": {
			"type": "origins:execute_command",
			"command": "/execute at @s run particle minecraft:campfire_cosy_smoke ~ ~1.5 ~ 1 1 1 0.1 100 force"
		}
	},
	"key": {
		"key": "key.origins.primary_active"
	},
	"cooldown": 100,
	"hud_render": {
		"should_render": true,
		"sprite_location": "origins:textures/gui/community/spiderkolo/resource_bar_02.png",
		"bar_index": 18
	}
}